time,latitude,longitude,depth,mag,magType,nst,gap,dmin,rms,net,id,updated,place,type,horizontalError,depthError,magError,magNst,status,locationSource,magSource
2025-03-28T13:18:50.242Z,18.8886,145.4507,238.223,4.3,mb,65,111,3.642,0.76,us,us7000pncf,2025-03-28T14:25:36.040Z,"Pagan region, Northern Mariana Islands",earthquake,11.4,8.518,0.066,65,reviewed,us,us
2025-03-28T12:56:10.540Z,-7.1972,126.0091,491.723,4.5,mb,60,39,3.07,1.14,us,us7000pncb,2025-03-28T13:17:59.040Z,"145 km N of Manatutu, Timor Leste",earthquake,9.97,7.844,0.09,36,reviewed,us,us
2025-03-28T12:01:47.770Z,18.832333333333,-64.821666666667,10.23,3.3,md,8,300,0.4942,0.19,pr,pr71477748,2025-03-28T12:21:21.800Z,"55 km NNE of Charlotte Amalie, U.S. Virgin Islands",earthquake,2.86,4.37,0.098159953666331,4,reviewed,pr,pr
2025-03-28T11:59:01.374Z,-8.19,117.9252,22.397,4.7,mb,29,72,0.65,0.91,us,us7000pnc2,2025-03-28T12:40:50.040Z,"54 km ENE of Pototano, Indonesia",earthquake,4.25,5.188,0.126,19,reviewed,us,us
2025-03-28T11:57:10.933Z,47.9458,147.3022,417.837,4.9,mb,112,35,3.236,0.75,us,us7000pnc1,2025-03-28T12:12:56.040Z,"northwest of the Kuril Islands",earthquake,10.16,6.38,0.024,522,reviewed,us,us
2025-03-28T11:16:50.005Z,22.1908,95.7184,10,4.5,mb,42,162,4.761,0.66,us,us7000pnbt,2025-03-28T14:43:30.305Z,"Burma",earthquake,7.81,1.866,0.097,31,reviewed,us,us
2025-03-28T10:56:42.376Z,42.7673,72.9521,10,5,mb,102,37,1.144,0.9,us,us7000pnbm,2025-03-28T12:30:37.980Z,"22 km WSW of Merke, Kazakhstan",earthquake,1.97,1.829,0.045,157,reviewed,us,us
2025-03-28T10:35:10.664Z,10.0431,-103.7767,10,4.8,mb,170,183,9.025,0.5,us,us7000pnbl,2025-03-28T11:32:06.040Z,"northern East Pacific Rise",earthquake,10.63,1.92,0.04,191,reviewed,us,us
2025-03-28T07:57:00.754Z,22.5423,95.8338,10,4.5,mb,30,162,4.816,0.99,us,us7000pnbe,2025-03-28T10:13:21.402Z,"Burma",earthquake,15.75,1.962,0.116,22,reviewed,us,us
2025-03-28T07:36:58.784Z,22.7463,95.8757,10,4.6,mb,81,68,4.88,0.71,us,us7000pnba,2025-03-28T10:28:27.640Z,"Burma",earthquake,10.61,1.899,0.063,75,reviewed,us,us
2025-03-28T07:27:47.856Z,22.706,95.8524,10,4.6,mb,40,153,4.879,0.76,us,us7000pnb8,2025-03-28T09:40:52.310Z,"Burma",earthquake,12.03,1.922,0.105,27,reviewed,us,us
2025-03-28T06:45:45.503Z,19.3005,96.2925,10,4.9,mb,50,101,2.646,0.91,us,us7000pnb6,2025-03-28T12:48:55.848Z,"Burma",earthquake,10.54,1.788,0.098,41,reviewed,us,us
2025-03-28T06:35:38.520Z,19.171333312988,-155.49899291992,30.200000762939,2.68,ml,57,106,0.03829,0.129999995,hv,hv74643312,2025-03-28T06:40:19.255Z,"4 km SSW of Pāhala, Hawaii",earthquake,0.39,0.540000021,0.32,44,automatic,hv,hv
2025-03-28T06:32:04.775Z,21.7096,95.9697,10,6.4,mb,105,41,4.275,0.91,us,us7000pn9z,2025-03-28T15:44:49.837Z,"Burma (Myanmar)",earthquake,7.51,1.836,0.044,206,reviewed,us,us
2025-03-28T06:20:54.002Z,22.0128,95.9216,10,7.7,mww,83,41,3.488,1.19,us,us7000pn9s,2025-03-28T16:02:06.128Z,"2025 Mandalay, Burma (Myanmar) Earthquake",earthquake,7.95,1.838,0.033,86,reviewed,us,us
2025-03-28T05:56:23.900Z,17.986833333333,-67.896,57.67,3.15,md,17,209,0.6984,0.16,pr,pr71477733,2025-03-28T06:15:40.880Z,"75 km W of Pole Ojea, Puerto Rico",earthquake,0.84,1.39,0.035767807064142,10,reviewed,pr,pr
2025-03-28T05:54:06.707Z,58.7636,-134.4043,12.77,3,ml,12,103,0.3,0.82,us,us7000pn9k,2025-03-28T06:19:55.040Z,"51 km N of Juneau, Alaska",earthquake,2.61,5.797,0.074,24,reviewed,us,us
2025-03-28T05:27:16.244Z,-62.7238,-160.0615,10,4.8,mb,21,163,18.36,0.83,us,us7000pn9g,2025-03-28T05:48:20.040Z,"Pacific-Antarctic Ridge",earthquake,9.75,1.925,0.124,20,reviewed,us,us
2025-03-28T03:50:59.845Z,61.6102,-141.0891,10,3.4,ml,20,96,0.618,1.24,us,us7000pn92,2025-03-28T04:12:39.040Z,"99 km E of McCarthy, Alaska",earthquake,2.02,1.947,0.041,78,reviewed,us,us
2025-03-28T03:21:03.190Z,18.547333333333,-66.362333333333,94.93,2.94,md,12,220,0.3552,0.19,pr,pr71477713,2025-03-28T03:37:07.030Z,"9 km NNW of Brenas, Puerto Rico",earthquake,2.33,1.06,0.053886809829752,4,reviewed,pr,pr
2025-03-28T03:01:48.090Z,36.791168212891,-121.35383605957,2.9500000476837,2.53,md,41,43,0.03739,0.1,nc,nc75156487,2025-03-28T13:35:16.199Z,"3 km SSE of Ridgemark, CA",earthquake,0.17,0.560000002,0.13,44,automatic,nc,nc
2025-03-28T01:53:57.153Z,-15.9221,167.8943,172.9,5,mb,48,142,0.816,0.65,us,us7000pn8t,2025-03-28T02:11:11.040Z,"54 km ENE of Lakatoro, Vanuatu",earthquake,10.15,5.454,0.067,71,reviewed,us,us
2025-03-28T01:20:05.006Z,-19.1167,168.7706,35,5.4,mb,76,55,3.692,1.03,us,us7000pn8m,2025-03-28T05:29:16.040Z,"71 km NW of Isangel, Vanuatu",earthquake,8.4,1.894,0.04,219,reviewed,us,us
2025-03-28T00:34:21.932Z,0.7389,-29.6695,10,6.1,mww,89,80,9.014,0.62,us,us7000pn7g,2025-03-28T05:30:57.040Z,"central Mid-Atlantic Ridge",earthquake,4.57,1.844,0.066,22,reviewed,us,us
2025-03-28T00:15:34.560Z,41.889333333333,-119.59716666667,-1.44,2.71,ml,9,214,0.3599,0.48,uw,uw62086361,2025-03-28T06:22:23.780Z,"46 km E of Fort Bidwell, California",earthquake,2.36,6.37,0.14938832575058,4,reviewed,uw,uw
2025-03-28T00:13:15.709Z,41.8784,-119.5801,3.4,3.6,ml,4,221.58,0.376,0.1181,nn,nn00895228,2025-03-28T06:37:15.956Z,"47 km E of Fort Bidwell, California",earthquake,,5.1,0.42,4,reviewed,nn,nn
2025-03-27T22:42:43.910Z,17.4564,-100.9598,63.044,4.5,mb,40,196,2.193,0.92,us,us7000pn6k,2025-03-28T04:30:50.971Z,"13 km NE of Coyuquilla Norte, Mexico",earthquake,7.03,9.432,0.041,174,reviewed,us,us
2025-03-27T22:42:41.209Z,42.7256,72.9917,10,5.2,mb,87,24,1.111,1.14,us,us7000pn6j,2025-03-28T12:22:45.192Z,"22 km SW of Merke, Kazakhstan",earthquake,3.9,1.832,0.038,229,reviewed,us,us
2025-03-27T21:33:13.943Z,-22.9661,-113.0803,10,5,mb,60,74,5.325,0.71,us,us7000pn66,2025-03-27T22:25:42.040Z,"Easter Island region",earthquake,11.64,1.756,0.065,76,reviewed,us,us
2025-03-27T20:05:27.950Z,19.135833333333,-66.443,28.65,3.24,md,10,276,0.6603,0.28,pr,pr71477683,2025-03-27T20:23:46.810Z,"74 km N of Tierras Nuevas Poniente, Puerto Rico",earthquake,1.42,10.5,0.084287614293818,8,reviewed,pr,pr
2025-03-27T19:42:55.776Z,-6.4064,149.8923,13.722,5.2,mww,106,53,3.155,0.63,us,us7000pn5l,2025-03-27T20:05:42.006Z,"44 km ESE of Kandrian, Papua New Guinea",earthquake,6.77,4.544,0.11,8,reviewed,us,us
2025-03-27T18:50:40.115Z,35.3045,140.2951,52.317,4.6,mb,65,121,2.101,0.52,us,us7000pn5c,2025-03-28T14:04:20.884Z,"5 km ENE of Ōtaki, Japan",earthquake,6.48,7.231,0.068,65,reviewed,us,us
2025-03-27T18:12:38.223Z,46.7515,147.6527,325.592,4.1,mb,46,128,3.363,0.86,us,us7000pn58,2025-03-27T18:28:50.040Z,"170 km N of Kuril’sk, Russia",earthquake,11.43,8.322,0.052,101,reviewed,us,us
2025-03-27T17:51:48.832Z,36.586,25.5444,10,4.5,mww,85,33,1.4,0.85,us,us7000pn53,2025-03-27T18:17:00.040Z,"20 km NE of Oía, Greece",earthquake,5.06,1.838,0.071,19,reviewed,us,us
2025-03-27T17:48:41.190Z,18.238833333333,-67.736166666667,93.09,3.28,md,12,178,0.6214,0.24,pr,pr71477678,2025-03-27T18:19:29.040Z,"52 km W of Stella, Puerto Rico",earthquake,1.84,1.42,0.061644014236462,9,reviewed,pr,pr
2025-03-27T16:33:16.072Z,51.2934,-178.2722,35,3.7,ml,23,206,0.427,0.67,us,us7000pn36,2025-03-27T17:01:30.040Z,"130 km WSW of Adak, Alaska",earthquake,5.06,2.002,0.105,22,reviewed,us,us
2025-03-27T16:28:47.926Z,67.7648,-167.0657,5,2.6,mb_lg,25,212,1.599,0.61,us,us7000pn2p,2025-03-27T17:06:14.040Z,"66 km SSW of Point Hope, Alaska",earthquake,8.07,2.005,0.17,9,reviewed,us,us
2025-03-27T16:16:27.552Z,-8.4808,160.4491,66.325,4.7,mb,42,93,1.073,1.05,us,us7000pn2m,2025-03-27T16:47:10.040Z,"41 km NW of Auki, Solomon Islands",earthquake,9.33,7.673,0.073,60,reviewed,us,us
